ID,Title,Source,Category,Image URL,URL,Published At,Description,Summary,SEO Title,Meta Description,Keywords,Slug,Status,Added At
QhoAczqrzsXYfcN7,Official: Moises Caicedo extends until 2033,Onefootball.com,AI,https://s.yimg.com/ny/api/res/1.2/3aZFydWbMbrU1egOVLANow--/YXBwaWQ9aGlnaGxhbmRlcjt3PTEyMDA7aD04MDA7Y2Y9d2VicA--/https://media.zenfs.com/en/onefootball_articles_802/f6dc7d33aad3e87c29d1bbe41ee84ac4,https://onefootball.com/en/news/official-moises-caicedo-extends-until-2033-42725619,2026-04-17T13:12:00.000Z,The Ecuadorian midfielder extends his stay with Chelsea until 2033. Good news arrives in the Chelsea offices with the renewal of one of the team’s key pillars in midfield. Moises Caicedo will remain...,The Ecuadorian midfielder extends his stay with Chelsea until 2033. Good news arrives in the Chelsea offices with the renewal of one of the team’s key pillars in midfield. Moises Caicedo will remain...,Official: Moises Caicedo extends until 2033,The Ecuadorian midfielder extends his stay with Chelsea until 2033. Good news arrives in the Chelsea offices with the renewal of one of the team’s key pillars…,"2033, official, moises, caicedo, extends, until, artificial intelligence, machine learning",official-moises-caicedo-extends-until-2033,PUBLISHED,2026-04-18T13:17:37.440Z
Aoq7-bcIW40jKqEz,"Gasp leaves press conference in tears: slammed door, tension at Roma?",Onefootball.com,AI,https://s.yimg.com/os/en/onefootball_articles_802/7b6bdbe721826ee587e35874865187f0,https://onefootball.com/en/news/gasp-leaves-press-conference-in-tears-slammed-door-tension-at-roma-42725614,2026-04-17T13:11:00.000Z,"At the press conference held today at Trigoria, Gian Piero Gasperini not only spoke about his relationship with Ranieri and other topics, but also about his relationship with Atalanta and Antonio Perc...","At the press conference held today at Trigoria, Gian Piero Gasperini not only spoke about his relationship with Ranieri and other topics, but also about his relationship with Atalanta and Antonio Perc...","Gasp leaves press conference in tears: slammed door, tension at Roma?","At the press conference held today at Trigoria, Gian Piero Gasperini not only spoke about his relationship with Ranieri and other topics, but also about his…","gasp, leaves, press, conference, tears, slammed, door, tension, artificial intelligence, machine learning",gasp-leaves-press-conference-in-tears-slammed-door-tension-at-roma,PUBLISHED,2026-04-18T13:17:37.624Z
4W_-KCFt8su3iuax,"Ask AI: "" Describe the Life of Sjur Torgersen in Deerfield, Wisconsin in 1867""",Blogger.com,AI,,https://www.blogger.com/browser-not-supported/?ref=/comment/fullpage/post/26204193/5488642319510299594,2026-04-17T13:09:00.000Z,"I wondered if my AI Assistant Anthropic Claude could provide me with information about a family's life in 1867 in Deerfield, Wiusconsin. My wife's 2nd great-grandparents, Sjur Torgersen and Brita (Ol… [+18158 chars]","I wondered if my AI Assistant Anthropic Claude could provide me with information about a family's life in 1867 in Deerfield, Wiusconsin. My wife's 2nd great-grandparents, Sjur Torgersen and Brita (Ol… [+18158 chars]","Ask AI: "" Describe the Life of Sjur Torgersen in Deerfield,…","I wondered if my AI Assistant Anthropic Claude could provide me with information about a family's life in 1867 in Deerfield, Wiusconsin. My wife's 2nd…","1867, ask, describe, life, sjur, torgersen, deerfield, wisconsin, artificial intelligence, machine learning",ask-ai-describe-the-life-of-sjur-torgersen-in-deerfield,PUBLISHED,2026-04-18T13:17:37.796Z
OXSLGJc3hMQGCKHB,"Friday, April 17, 2026",Kffhealthnews.org,AI,,https://kffhealthnews.org/morning-briefing/friday-april-17-2026/,2026-04-17T13:05:17.000Z,"Man Entered Aetna Building With Assault Weapon, Hartford Police Say Security guards detained the man without incident, AP reported. Police say they aren't sure what the man's intentions were when he… [+5858 chars]","Man Entered Aetna Building With Assault Weapon, Hartford Police Say Security guards detained the man without incident, AP reported. Police say they aren't sure what the man's intentions were when he… [+5858 chars]","Friday, April 17, 2026","Man Entered Aetna Building With Assault Weapon, Hartford Police Say Security guards detained the man without incident, AP reported. Police say they aren't…","2026, friday, april, artificial intelligence, machine learning",friday-april-17-2026,PUBLISHED,2026-04-18T13:17:37.969Z
h_TRZaZQ20m6YGwA,Seeing through the conflict: transparent knowledge conflict handling retrieval-augmented generation,Lse.ac.uk,AI,,https://researchonline.lse.ac.uk/id/eprint/138063/,2026-04-17T13:05:01.000Z,"Ye, H., Chen, S., Zhong, Z. ORCID logo , Xiao, C., Zhang, H., Wu, Y. & Shen, F. (2026). Seeing through the conflict: transparent knowledge conflict handling retrieval-augmented generation. In Koenig, S., Jenkins, C. & Taylor, M. E. (Eds.), Proceedings of the …","Ye, H., Chen, S., Zhong, Z. ORCID logo , Xiao, C., Zhang, H., Wu, Y. & Shen, F.",Seeing through the conflict: transparent knowledge conflict handling…,"Seeing through the conflict: transparent knowledge conflict handling retrieval-augmented generation — Ye, H., Chen, S., Zhong, Z. ORCID logo , Xiao, C.,…","conflict, seeing, through, transparent, knowledge, handling, retrieval, augmented, artificial intelligence, machine learning",seeing-through-the-conflict-transparent-knowledge-conflict-handling,PUBLISHED,2026-04-18T13:17:38.124Z
kfsECa1BtSbq1t8z,Brain Technologies and SoftBank Launch Natural AI Phone in Japan,GlobeNewswire,AI,https://ml.globenewswire.com/Resource/Download/dcdc9cc1-f43b-4adc-a4d2-6cdd18e0b860,https://www.globenewswire.com/news-release/2026/04/17/3276211/0/en/Brain-Technologies-and-SoftBank-Launch-Natural-AI-Phone-in-Japan.html,2026-04-17T13:03:00.000Z,"Brain Technologies launches AI-native smartphone with Natural OS in Japan via SoftBank, redefining mobile with intention-based interaction....","Brain Technologies launches AI-native smartphone with Natural OS in Japan via SoftBank, redefining mobile with intention-based interaction....",Brain Technologies and SoftBank Launch Natural AI Phone in Japan,"Brain Technologies launches AI-native smartphone with Natural OS in Japan via SoftBank, redefining mobile with intention-based interaction....","brain, technologies, softbank, launch, natural, phone, japan, artificial intelligence, machine learning",brain-technologies-and-softbank-launch-natural-ai-phone-in-japan,PUBLISHED,2026-04-18T13:17:38.287Z
0yicFSSAIjinmSQg,Loop raises $95M to build supply chain AI that predicts disruptions,TechCrunch,Tools,"https://techcrunch.com/wp-content/uploads/2026/04/loop-founders.jpg?resize=1200,809",https://techcrunch.com/2026/04/17/loop-raises-95m-to-build-supply-chain-ai-that-predicts-disruptions/,2026-04-17T13:02:37.000Z,"The San Francisco startup closed a Series C funding round led by Antonio Gracias' firm Valor, which is a major backer of xAI.","The San Francisco startup closed a Series C funding round led by Antonio Gracias' firm Valor, which is a major backer of xAI.",Loop raises $95M to build supply chain AI that predicts disruptions,"The San Francisco startup closed a Series C funding round led by Antonio Gracias' firm Valor, which is a major backer of xAI.","loop, raises, 95m, build, supply, chain, predicts, disruptions, artificial intelligence, machine learning",loop-raises-95m-to-build-supply-chain-ai-that-predicts-disruptions,PUBLISHED,2026-04-18T13:17:38.434Z
6_mBInTdpp4qkpn0,How To Build A Marketing Technology (MarTech) Stack: Crafting A Digital Arsenal For Future Growth,Elearningindustry.com,Business,https://cdn.elearningindustry.com/wp-content/uploads/2026/04/How-to-Build-a-Marketing-Technology-Martech-Stack_Crafting-a-Digital.png,https://elearningindustry.com/advertise/elearning-marketing-resources/blog/how-to-build-a-martech-stack,2026-04-17T13:00:59.000Z,"Implementing a well-structured MarTech stack is vital for business growth. In this article, we explain how to build a MarTech stack for your company and reach success. This post was first published on eLearning Industry.","Implementing a well-structured MarTech stack is vital for business growth. In this article, we explain how to build a MarTech stack for your company and reach success. This post was first published on eLearning Industry.",How To Build A Marketing Technology (MarTech) Stack: Crafting A…,"Implementing a well-structured MarTech stack is vital for business growth. In this article, we explain how to build a MarTech stack for your company and reach…","how, build, marketing, technology, martech, stack, crafting, digital, artificial intelligence, machine learning",how-to-build-a-marketing-technology-martech-stack-crafting-a,PUBLISHED,2026-04-18T13:17:38.597Z
zgrdJB8ilk3F1MfN,How AI Is Changing Leadership (and What Leaders Must Do Now),Socialnomics.net,AI,https://socialnomics.net/wp-content/uploads/2025/10/The-Blurred-Line-Between-Human-and-AI-Content-scaled.jpg,https://socialnomics.net/2026/04/17/how-ai-is-changing-leadership-and-what-leaders-must-do-now/,2026-04-17T13:00:30.000Z,"How AI Is Changing Leadership (and What Leaders Must Do Now) In recent years, it feels like there’s a new conversation about leadership happening almost every day. It’s no longer just about the usual qualities—vision, decision-making, and team-building. Today…","How AI Is Changing Leadership (and What Leaders Must Do Now) In recent years, it feels like there’s a new conversation about leadership happening almost every day. It’s no longer just about the usual qualities—vision, decision-making, and team-building. Today…",How AI Is Changing Leadership (and What Leaders Must Do Now),"How AI Is Changing Leadership (and What Leaders Must Do Now) In recent years, it feels like there’s a new conversation about leadership happening almost every…","how, changing, leadership, what, leaders, must, now, artificial intelligence, machine learning",how-ai-is-changing-leadership-and-what-leaders-must-do-now,PUBLISHED,2026-04-18T13:17:38.752Z
N-H0qBYWRzlL2zFK,Christine Lagarde: IMFC Statement,Europa.eu,AI,https://www.ecb.europa.eu/press/key/shared/img/socialmedia/social-default.jpg?0dbb2de262f4f1fcaeae410be132177a,https://www.ecb.europa.eu/press/key/date/2026/html/ecb.sp260417~033a4546f5.en.html,2026-04-17T13:00:00.000Z,The European Central Bank (ECB) is the central bank of the European Union countries which have adopted the euro. Our main task is to maintain price stability in the euro area and so preserve the purchasing power of the single currency.,The European Central Bank (ECB) is the central bank of the European Union countries which have adopted the euro. Our main task is to maintain price stability in the euro area and so preserve the purchasing power of the single currency.,Christine Lagarde: IMFC Statement,The European Central Bank (ECB) is the central bank of the European Union countries which have adopted the euro. Our main task is to maintain price stability…,"christine, lagarde, imfc, statement, artificial intelligence, machine learning",christine-lagarde-imfc-statement,PUBLISHED,2026-04-18T13:17:38.904Z
xvdcukY-3zvmSQGP,"ZYXIQ Shareholder Alert: Investors With Losses May Seek to Lead the Class Action in Zynex, Inc. Securities Lawsuit — The Gross Law Firm",GlobeNewswire,AI,https://ml.globenewswire.com/Resource/Download/0e447323-403e-415d-a0b4-846f2654a80f,https://www.globenewswire.com/news-release/2026/04/17/3276163/0/en/ZYXIQ-Shareholder-Alert-Investors-With-Losses-May-Seek-to-Lead-the-Class-Action-in-Zynex-Inc-Securities-Lawsuit-The-Gross-Law-Firm.html,2026-04-17T13:00:00.000Z,"NEW YORK, April 17, 2026 (GLOBE NEWSWIRE) -- The Gross Law Firm issues the following notice to shareholders of Zynex, Inc. (OTC PINK: ZYXIQ). ...","NEW YORK, April 17, 2026 (GLOBE NEWSWIRE) -- The Gross Law Firm issues the following notice to shareholders of Zynex, Inc. (OTC PINK: ZYXIQ). ...",ZYXIQ Shareholder Alert: Investors With Losses May Seek to Lead the…,"NEW YORK, April 17, 2026 (GLOBE NEWSWIRE) -- The Gross Law Firm issues the following notice to shareholders of Zynex, Inc. (OTC PINK: ZYXIQ). ...","zyxiq, shareholder, alert, investors, losses, may, seek, lead, artificial intelligence, machine learning",zyxiq-shareholder-alert-investors-with-losses-may-seek-to-lead-the,PUBLISHED,2026-04-18T13:17:39.055Z
UaclFPh5MIsOHngA,"MEDP Shareholder Alert: Investors With Losses May Seek to Lead the Class Action in Medpace Holdings, Inc. Securities Lawsuit — The Gross Law Firm",GlobeNewswire,AI,https://ml.globenewswire.com/Resource/Download/0e447323-403e-415d-a0b4-846f2654a80f,https://www.globenewswire.com/news-release/2026/04/17/3276156/0/en/MEDP-Shareholder-Alert-Investors-With-Losses-May-Seek-to-Lead-the-Class-Action-in-Medpace-Holdings-Inc-Securities-Lawsuit-The-Gross-Law-Firm.html,2026-04-17T13:00:00.000Z,"NEW YORK, April 17, 2026 (GLOBE NEWSWIRE) -- The Gross Law Firm issues the following notice to shareholders of Medpace Holdings, Inc. (NASDAQ: MEDP). ...","NEW YORK, April 17, 2026 (GLOBE NEWSWIRE) -- The Gross Law Firm issues the following notice to shareholders of Medpace Holdings, Inc. (NASDAQ: MEDP). ...",MEDP Shareholder Alert: Investors With Losses May Seek to Lead the…,"NEW YORK, April 17, 2026 (GLOBE NEWSWIRE) -- The Gross Law Firm issues the following notice to shareholders of Medpace Holdings, Inc. (NASDAQ: MEDP). ...","medp, shareholder, alert, investors, losses, may, seek, lead, artificial intelligence, machine learning",medp-shareholder-alert-investors-with-losses-may-seek-to-lead-the,PUBLISHED,2026-04-18T13:17:39.213Z
EkFBlTg0ssONNQlL,"CORT Shareholder Alert: April 21, 2026 Lead Plaintiff Deadline in Corcept Therapeutics Incorporated Securities Class Action Lawsuit — The Gross Law Firm",GlobeNewswire,AI,https://ml.globenewswire.com/Resource/Download/0e447323-403e-415d-a0b4-846f2654a80f,https://www.globenewswire.com/news-release/2026/04/17/3276159/0/en/CORT-Shareholder-Alert-April-21-2026-Lead-Plaintiff-Deadline-in-Corcept-Therapeutics-Incorporated-Securities-Class-Action-Lawsuit-The-Gross-Law-Firm.html,2026-04-17T13:00:00.000Z,"NEW YORK, April 17, 2026 (GLOBE NEWSWIRE) -- The Gross Law Firm issues the following notice to shareholders of Corcept Therapeutics Incorporated (NASDAQ: CORT).","NEW YORK, April 17, 2026 (GLOBE NEWSWIRE) -- The Gross Law Firm issues the following notice to shareholders of Corcept Therapeutics Incorporated (NASDAQ: CORT).","CORT Shareholder Alert: April 21, 2026 Lead Plaintiff Deadline in…","NEW YORK, April 17, 2026 (GLOBE NEWSWIRE) -- The Gross Law Firm issues the following notice to shareholders of Corcept Therapeutics Incorporated (NASDAQ: CORT).","2026, cort, shareholder, alert, april, lead, plaintiff, deadline, artificial intelligence, machine learning",cort-shareholder-alert-april-21-2026-lead-plaintiff-deadline-in,PUBLISHED,2026-04-18T13:17:39.369Z
9XDp6djWABGxS4H7,"SMR Shareholder Alert: April 20, 2026 Lead Plaintiff Deadline in NuScale Power Corporation Securities Class Action Lawsuit — The Gross Law Firm",GlobeNewswire,AI,https://ml.globenewswire.com/Resource/Download/0e447323-403e-415d-a0b4-846f2654a80f,https://www.globenewswire.com/news-release/2026/04/17/3276161/0/en/SMR-Shareholder-Alert-April-20-2026-Lead-Plaintiff-Deadline-in-NuScale-Power-Corporation-Securities-Class-Action-Lawsuit-The-Gross-Law-Firm.html,2026-04-17T13:00:00.000Z,"NEW YORK, April 17, 2026 (GLOBE NEWSWIRE) -- The Gross Law Firm issues the following notice to shareholders of NuScale Power Corporation (NYSE: SMR). ...","NEW YORK, April 17, 2026 (GLOBE NEWSWIRE) -- The Gross Law Firm issues the following notice to shareholders of NuScale Power Corporation (NYSE: SMR). ...","SMR Shareholder Alert: April 20, 2026 Lead Plaintiff Deadline in…","NEW YORK, April 17, 2026 (GLOBE NEWSWIRE) -- The Gross Law Firm issues the following notice to shareholders of NuScale Power Corporation (NYSE: SMR). ...","2026, smr, shareholder, alert, april, lead, plaintiff, deadline, artificial intelligence, machine learning",smr-shareholder-alert-april-20-2026-lead-plaintiff-deadline-in,PUBLISHED,2026-04-18T13:17:39.525Z
B2V5iPPkR4QUwlRI,"AQST Shareholder Alert: Aquestive Therapeutics, Inc. Securities Class Action Lawsuit Investors With Losses May Join — The Gross Law Firm",GlobeNewswire,AI,https://ml.globenewswire.com/Resource/Download/0e447323-403e-415d-a0b4-846f2654a80f,https://www.globenewswire.com/news-release/2026/04/17/3276157/0/en/AQST-Shareholder-Alert-Aquestive-Therapeutics-Inc-Securities-Class-Action-Lawsuit-Investors-With-Losses-May-Join-The-Gross-Law-Firm.html,2026-04-17T13:00:00.000Z,"NEW YORK, April 17, 2026 (GLOBE NEWSWIRE) -- The Gross Law Firm issues the following notice to shareholders of Aquestive Therapeutics, Inc. (NASDAQ: AQST).","NEW YORK, April 17, 2026 (GLOBE NEWSWIRE) -- The Gross Law Firm issues the following notice to shareholders of Aquestive Therapeutics, Inc. (NASDAQ: AQST).","AQST Shareholder Alert: Aquestive Therapeutics, Inc. Securities…","NEW YORK, April 17, 2026 (GLOBE NEWSWIRE) -- The Gross Law Firm issues the following notice to shareholders of Aquestive Therapeutics, Inc. (NASDAQ: AQST).","aqst, shareholder, alert, aquestive, therapeutics, inc, securities, class, artificial intelligence, machine learning",aqst-shareholder-alert-aquestive-therapeutics-inc-securities,PUBLISHED,2026-04-18T13:17:39.677Z
dafHnDlLTzXdKB7F,"OST Shareholder Alert: Investors With Losses May Seek to Lead the Class Action in Ostin Technology Group Co., Ltd. Securities Lawsuit — The Gross Law Firm",GlobeNewswire,AI,https://ml.globenewswire.com/Resource/Download/0e447323-403e-415d-a0b4-846f2654a80f,https://www.globenewswire.com/news-release/2026/04/17/3276160/0/en/OST-Shareholder-Alert-Investors-With-Losses-May-Seek-to-Lead-the-Class-Action-in-Ostin-Technology-Group-Co-Ltd-Securities-Lawsuit-The-Gross-Law-Firm.html,2026-04-17T13:00:00.000Z,"NEW YORK, April 17, 2026 (GLOBE NEWSWIRE) -- The Gross Law Firm issues the following notice to shareholders of Ostin Technology Group Co., Ltd. (NASDAQ: OST).","NEW YORK, April 17, 2026 (GLOBE NEWSWIRE) -- The Gross Law Firm issues the following notice to shareholders of Ostin Technology Group Co., Ltd. (NASDAQ: OST).",OST Shareholder Alert: Investors With Losses May Seek to Lead the…,"NEW YORK, April 17, 2026 (GLOBE NEWSWIRE) -- The Gross Law Firm issues the following notice to shareholders of Ostin Technology Group Co., Ltd. (NASDAQ: OST).","ost, shareholder, alert, investors, losses, may, seek, lead, artificial intelligence, machine learning",ost-shareholder-alert-investors-with-losses-may-seek-to-lead-the,PUBLISHED,2026-04-18T13:17:39.829Z
VFrF_KgKj8kmizNw,"ATRA Shareholder Alert: May 22, 2026 Lead Plaintiff Deadline in Atara Biotherapeutics, Inc. Securities Class Action Lawsuit — The Gross Law Firm",GlobeNewswire,AI,https://ml.globenewswire.com/Resource/Download/0e447323-403e-415d-a0b4-846f2654a80f,https://www.globenewswire.com/news-release/2026/04/17/3276154/0/en/ATRA-Shareholder-Alert-May-22-2026-Lead-Plaintiff-Deadline-in-Atara-Biotherapeutics-Inc-Securities-Class-Action-Lawsuit-The-Gross-Law-Firm.html,2026-04-17T13:00:00.000Z,"NEW YORK, April 17, 2026 (GLOBE NEWSWIRE) -- The Gross Law Firm issues the following notice to shareholders of Atara Biotherapeutics, Inc. (NASDAQ: ATRA).","NEW YORK, April 17, 2026 (GLOBE NEWSWIRE) -- The Gross Law Firm issues the following notice to shareholders of Atara Biotherapeutics, Inc. (NASDAQ: ATRA).","ATRA Shareholder Alert: May 22, 2026 Lead Plaintiff Deadline in…","NEW YORK, April 17, 2026 (GLOBE NEWSWIRE) -- The Gross Law Firm issues the following notice to shareholders of Atara Biotherapeutics, Inc. (NASDAQ: ATRA).","2026, atra, shareholder, alert, may, lead, plaintiff, deadline, artificial intelligence, machine learning",atra-shareholder-alert-may-22-2026-lead-plaintiff-deadline-in,PUBLISHED,2026-04-18T13:17:39.973Z
AY7SNPUPpNombEE6,"IT Shareholder Alert: May 18, 2026 Lead Plaintiff Deadline in Gartner, Inc. Securities Class Action Lawsuit — The Gross Law Firm",GlobeNewswire,AI,https://ml.globenewswire.com/Resource/Download/0e447323-403e-415d-a0b4-846f2654a80f,https://www.globenewswire.com/news-release/2026/04/17/3276158/0/en/IT-Shareholder-Alert-May-18-2026-Lead-Plaintiff-Deadline-in-Gartner-Inc-Securities-Class-Action-Lawsuit-The-Gross-Law-Firm.html,2026-04-17T13:00:00.000Z,"NEW YORK, April 17, 2026 (GLOBE NEWSWIRE) -- The Gross Law Firm issues the following notice to shareholders of Gartner, Inc. (NYSE: IT). Shareholders...","NEW YORK, April 17, 2026 (GLOBE NEWSWIRE) -- The Gross Law Firm issues the following notice to shareholders of Gartner, Inc. (NYSE: IT). Shareholders...","IT Shareholder Alert: May 18, 2026 Lead Plaintiff Deadline in…","NEW YORK, April 17, 2026 (GLOBE NEWSWIRE) -- The Gross Law Firm issues the following notice to shareholders of Gartner, Inc. (NYSE: IT). Shareholders...","2026, shareholder, alert, may, lead, plaintiff, deadline, gartner, artificial intelligence, machine learning",it-shareholder-alert-may-18-2026-lead-plaintiff-deadline-in,PUBLISHED,2026-04-18T13:17:40.122Z
j5NOgjAz3nomWbtr,"UHG Shareholder Alert: United Homes Group, Inc. Securities Class Action Lawsuit Investors With Losses May Join — The Gross Law Firm",GlobeNewswire,AI,https://ml.globenewswire.com/Resource/Download/0e447323-403e-415d-a0b4-846f2654a80f,https://www.globenewswire.com/news-release/2026/04/17/3276155/0/en/UHG-Shareholder-Alert-United-Homes-Group-Inc-Securities-Class-Action-Lawsuit-Investors-With-Losses-May-Join-The-Gross-Law-Firm.html,2026-04-17T13:00:00.000Z,"NEW YORK, April 17, 2026 (GLOBE NEWSWIRE) -- The Gross Law Firm issues the following notice to shareholders of United Homes Group, Inc. (NASDAQ: UHG). ...","NEW YORK, April 17, 2026 (GLOBE NEWSWIRE) -- The Gross Law Firm issues the following notice to shareholders of United Homes Group, Inc. (NASDAQ: UHG). ...","UHG Shareholder Alert: United Homes Group, Inc. Securities Class…","NEW YORK, April 17, 2026 (GLOBE NEWSWIRE) -- The Gross Law Firm issues the following notice to shareholders of United Homes Group, Inc. (NASDAQ: UHG). ...","uhg, shareholder, alert, united, homes, group, inc, securities, artificial intelligence, machine learning",uhg-shareholder-alert-united-homes-group-inc-securities-class,PUBLISHED,2026-04-18T13:17:40.461Z